{
  "Nmax": 200,
  "n_fluxes": 6,
  "flux_prior": "gaussian",
  "sigmas": {
    "F": 1.0,
    "H": 0.4109375,
    "ISD+": 0.4109375,
    "ISD-": 3.5008789062499996
  },
  "M_cond": null,
  "tr_Minv_median": null,
  "s_min": 0.8660254037844386
}